DROP DATABASE IF EXISTS quiz;
CREATE DATABASE quiz
	DEFAULT CHARACTER SET utf8
	DEFAULT COLLATE utf8_general_ci;
USE quiz;


DROP TABLE IF EXISTS `users`;
CREATE TABLE IF NOT EXISTS `users` (
	`user_id` INT(5) NOT NULL AUTO_INCREMENT,
    `username` VARCHAR(20) NOT NULL,
    `first_name` VARCHAR (35) NOT NULL,
    `last_name` VARCHAR (35) NOT NULL,
    PRIMARY KEY (`user_id`)
);
INSERT INTO `users` VALUES
	(1,'egw','egw','eimai'),
	(2,'mpampis','ff','gg'),
	(3,'mpampis','ff','gg'),
	(4,'mpampis','ff','gg'),
	(5,'mpampis','ff','gg'),
	(6,'mpampis','ff','gg'),
	(7,'mpampis','ff','gg');


DROP TABLE IF EXISTS `difficulties`;
CREATE TABLE IF NOT EXISTS `difficulties` (
	`difficulty_id` INT(1) NOT NULL AUTO_INCREMENT,
    `difficulty` VARCHAR(10) NOT NULL,
	`time` INT(3) NOT NULL,
    PRIMARY KEY (`difficulty_id`)
);

INSERT INTO `difficulties` (difficulty, time) VALUES
	('easy', 120),
	('medium', 90),
	('hard', 60);


DROP TABLE IF EXISTS `subjects`;
CREATE TABLE IF NOT EXISTS `subjects` (
	`subject_id` int(3) NOT NULL AUTO_INCREMENT,
	`subject` VARCHAR(30) UNIQUE NOT NULL,
	PRIMARY KEY (`subject_id`)
);
INSERT INTO `subjects` (subject) VALUES
	('Πληροφορική'),
	('Ιστορία'),
	('Σειρές-Ταινίες'),
	('Αθλητικά');


DROP TABLE IF EXISTS `questions`;
CREATE TABLE IF NOT EXISTS `questions` (
	`question_id` INT(5) NOT NULL AUTO_INCREMENT,
    `question` TEXT CHARACTER SET utf8 NOT NULL,
	`subject_id` int(3) NOT NULL,
    `difficulty_id` INT(1) NOT NULL,
	FOREIGN KEY (`subject_id`) REFERENCES `subjects`(`subject_id`),
	FOREIGN KEY (`difficulty_id`) REFERENCES `difficulties`(`difficulty_id`),
    PRIMARY KEY (`question_id`)
);
-- Greek
INSERT INTO `questions` (question, subject_id, difficulty_id) VALUES
	-- ---------------------------------------------------------------- Computer Science ----------------------------------------------------------------
	-- Medium
	/*1*/('Τι είναι το web service;', 1, 2),
	/*2*/('Ποια εταιρεία δεν κατασκευάζει laptops;', 1, 2),
	/*3*/('\"Τριπλή χειραψία\", πρωτόκολλο;', 1, 2),
	/*4*/('Ποια δεν είναι μάρκα επεξεργαστή;', 1, 2),
	/*5*/('Ποια είναι αντικειμενοστραφή γλώσσα προγραμματισμού;', 1, 2),
	/*6*/('Ποιο από τα παρακάτω δεν είναι ανοιχτό λειτουργικό σύστημα;', 1, 2),
	/*7*/('Ποιο από τα παρακάτω software υποστηρίζει αναπαράσταση και εξομοίωση διαδικασιών', 1, 2),
	/*8*/('Το CD-ROM είναι ένα είδος:', 1, 2),
	/*9*/('Ποιο από τα παρακάτω δεν είναι λογισμικό antivirus;', 1, 2),
	/*10*/('Ποιος από τους παρακάτω δεν είναι κρυπτογραφικός αλγόριθμος;', 1, 2),
	/*11*/('Στη γλώσσα C, ποια συνάρτηση χρησιμοποιούμε για να εμφανίσουμε δεδομένα στην οθόνη;', 1, 2),
	/*12*/('Ποιο από τα παρκάτω δεν είναι φυλλομετρητής;', 1, 2),

	-- Hard
	/*13*/('Από ποια τοποθεσία είναι οι πρώτες εντολές του υπολογιστή διαθέσιμες στο ξεκίνημα του;', 1, 3),
	/*14*/('Ένας σκληρός δίσκος είναι διαιρεμένος σε tracks που είναι είναι περαιτέρω υποδιαιρεμένο σε:', 1, 3),
	/*15*/('Ποια αρχιτεκτονική υλικού δεν υποστηρίζεται από την Red Hat?', 1, 3),
	/*16*/('Το πρώτο βήμα στα συστήματα Κύκλος Ζωής Ανάπτυξης είναι:', 1, 3),
	/*17*/('The speed at which the monitor accepts data is called:', 1, 3),
	/*18*/('A page fault occurs when', 1, 3),
	/*19*/('In an array of 2N elements that is both 2- and 3-ordered, what is the maximum number of positions that an element can be from its position if the array were 1- ordered.', 1, 3),
	/*20*/('Let G be connected undirected graph of 100 vertices and 300 edges. The weight of a minimum spanning tree of G is 500. When the weight of each edge of G is increased by five, the weight of a minimum spanning tree becomes?', 1, 3),
	/*21*/('Assume that a mergesort algorithm in the worst case takes 30 seconds for an input of size 64. Which of the following most closely approximates the maximum input size of a problem that can be solved in 6 minutes?', 1, 3),
	/*22*/('In C++, const qualifier can be applied to 1) Member functions of a class 2) Function arguments 3) To a class data member which is declared as static 4) Reference variables', 1, 3),
	/*23*/('The most efficient algorithm for finding the number of connected components in an undirected graph on n vertices and m edges has time complexity.', 1, 3),
	/*24*/('Ποιές συνδέσεις πρέπει να βραχυκυκλώσουμε σε ένα τροφοδοτικό για να εξετάσουμε αν λειτουργεί ή έχει καεί;', 1, 3),

	-- Easy
	/*25*/('In Linux, what command is used to remove files?', 1, 1),
	/*26*/('Ο εγκέφαλος ενός υπολογιστικού συστήματος είναι', 1, 1),
	/*27*/('Το RS-232 είναι πρότυπο που εφαρμόζεται σε:', 1, 1),
	/*28*/('Διεργασία είναι:', 1, 1),
	/*29*/('Τι λεγότανε αρχικά \"παιχνίδι\" απομίμησης από τον δημιουργό του;', 1, 1),
	/*30*/('Η λογική δομή δεδομένων με συσχέτιση ένα-προς-πολλά είναι:', 1, 1),
	/*31*/('Ποιο πρόγραμμα του υπολογιστή μετατρέπει γλώσσα assembly σε γλώσσα μηχανής;', 1, 1),
	/*32*/('Ένα byte αντιστοιχεί σε:', 1, 1),
	/*33*/('Το λειτουργικό σύστημα διαχειρίζει:', 1, 1),
	/*34*/('Το άτομο που χρησιμοποιεί την ειδικότητα του για να αποκτήσει πρόσβαση σε υπολογιστές άλλων ανθρώπων για να πάρει πληροφορίες παράνομα ή να προκαλέσει ζημιά είναι ένας:', 1, 1),
	/*35*/('Το pdf είναι ακρώνυμο του:', 1, 1),
	/*36*/('Στη γλώσσα C, ποια θα είναι η τελική τιμή της x όταν τρέξουμε το τμήμα κώδικα ... int x; for(x = 0; x<10; x++) {} ... ;', 1, 1),


	-- ---------------------------------------------------------------- History ----------------------------------------------------------------
	-- Easy
	/*37*/('Σε ποια χώρα διεξάχθηκαν οι πρώτοι μοντέρνοι Ολυμπιακοί αγώνες το 1896;', 2, 1),
	/*38*/('Ποιο ήταν το όνομα του συνόλου του οικονομικού δόγματος που ακολούθησε η τότε Ε.Σ.Σ.Δ.;', 2, 1),
	/*39*/('Ποια Ευρωπαϊκή πόλη διαρέθηκε από έναν τοίχο όπου ο Καπιταλισμος ήταν προς τη δύση και ο Κομμουνισμός προς την ανατολή;', 2, 1),
	/*40*/('Ο ψυχρός πόλεμος ήταν πόλεμος με λέξεις και εχθρότητα κυρίως μεταξύ ποιων χωρών;', 2, 1),
	/*41*/('Σε ποια χώρα ήταν δικτάτορας ο Σαντάμ Χουσεΐν όπου ξεκίνησε ένας πόλεμος το 2003;', 2, 1),
	/*42*/('Οι Βαλκανικοί πόλεμοι διήρκισαν από το:', 2, 1),
	/*43*/('Ποιος βρήκε τη Μογγολική αυτοκρατορία;', 2, 1),
	/*44*/('Ποιος Ισπανικός conquistador κατέστρεψε την αυτοκρατορία των Αζτέκων που τώρα είναι η Μεξικό;', 2, 1),
	/*45*/('Κατά το τέλος του 19ου αιώνα, ποια χώρα ήταν η μεγαλύτερη αποικιακή δύναμη;', 2, 1),
	/*46*/('Ποιος Ρωμαίος αυτοκράτορας μετατραπόμενος σε Χριστιανισμό, την νομιμοποίησε και την υποστήριξε αλλά δεν την έκανε ποτέ επίσημη θρησκεία;', 2, 1),
	/*47*/('Πως λεγόταν το Ιράν πριν τον 20ο αιώνα;', 2, 1),
	/*48*/('Ποιος δήλωσε επίσημα \"Veni, vidi, vici\";', 2, 1),

	-- Medium
	/*49*/('Από ποια Ευρωπαϊκή χώρα σάλπαρε ο Χριστόφορος Κολόμβος όπου αποδείχθηκε να είναι η συμβολική έναρξη του πρώτου του ταξιδιού που κατέληξε στην Αμερική;', 2, 2),
	/*50*/('Το 1969, 3 άντρες στάλθηκαν πάνω στο διάστημα στις αποστολές Apollo. Σε ποιο σώμα του διαστήματος προσγειώθηκαν;', 2, 2),
	/*51*/('Σε ποια χώρα βρίσκεται η πλατεία Τιενανμέν;', 2, 2),
	/*52*/('Τι κατασκευή δεν θεωρείται θαύμα του αρχαίου κόσμου; ', 2, 2),
	/*53*/('Πως λέγεται ο εξερευνητής που οδήγησε την πρώτη (αποδεδειγμένα) εκστρατεία σε όλο τον κόσμο;', 2, 2),
	/*54*/('Ο πόλεμος των 7 Εβδομάδων ήταν μεταξύ ποιών χωρών;', 2, 2),
	/*55*/('Ποιος ονομάστηκε \"Πατέρας της Ιστορίας\";', 2, 2),
	/*56*/('Πως οι Βυζαντινοί αποκαλούσαν τους εαυτούς τους;', 2, 2),
	/*57*/('Ποια χώρα είναι το σπίτι του ναού συγκροτήματος του 12ου αιώνα, Angkor Wat;', 2, 2),
	/*58*/('Ποιος πολιτισμός επεκτάθηκε βορειότερα;', 2, 2),
	/*59*/('Οι Αιγύπτιοι Φαραώ ισχυρίζονται ότι είναι απόγονοι του Αιγυπτιακού θεού, του οποίου το όνομα είναι', 2, 2),
	/*60*/('Τοποθετήστε τους Έλληνες φιλοσόφους σε ιστορική σειρά ξεκινώντας από τον παλαιότερο.', 2, 2),

	-- Hard
	/*61*/('Ποια χώρα δεν είχε ποτέ αποικία στην Βόρεια Αμερική;', 2, 3),
	/*62*/('Με ποια πλευρά η Ιαπωνία πολέμησε στο Πρώτο Παγκόσμιο Πόλεμο;', 2, 3),
	/*63*/('Η Περσική σατραπεία της Σκύδρας περιλαμβάνει ποιες δύο περιοχές;', 2, 3),
	/*64*/('Ποια ήταν η τελευταία Ρεπουμπλικάνικη πόλη που έπεσε στους Εθνικιστές στον Ισπανικό εμφύλιο πόλεμο;', 2, 3),
	/*65*/('Ποιος στρατηγός διαδέχτηκε τον Μέγα Αλέξανδρο στη Θράκη;', 2, 3),
	/*66*/('Ποιες από τις παρακάτω χώρες ήταν η πρώτη που απέκτησε πλήρη ανεξαρτησία;', 2, 3),
	/*67*/('Ποια πόλη βρήκε τις περισσότερες αποικίες τον 9ο αιώνα Π.Χ.;', 2, 3),
	/*68*/('Ποιοι βρήκαν τη Λισαβόνα;', 2, 3),
	/*69*/('Ποια χρονική περίοδο το νησί της Κρήτης κυριάρχησε τα νησιά του Αιγαίου;', 2, 3),
	/*70*/('Η λέξη σαμουράι προερχόμενη από την Ιαπωνική λέξη σημαίνει;', 2, 3),
	/*71*/('Καθώς ερχόταν το τέλος του Δευτέρου Παγκοσμίου πολέμου τρία έθνη σε όλη την Αφρικάνικη ήπειρο ήταν πλήρως ανεξάρτητοι. Ποια από τα παρκάτω δεν ήταν ανάμεσα σε αυτά;', 2, 3),
	/*72*/('Ο εκατονταετής πόλεμος που έγινε μεταξύ Αγγλίας και Γερμανίας ξεκίνησε το 1337 και τελείωσε το ', 2, 3),
	
	-- -------------------------------------------------------------- Series-Movies -------------------------------------------------------
	-- Easy
	/*73*/('Στην ταινία \"Η Διάσωση του Στρατιώτη Ράιαν\", πόσα από τα αδέρφια του Τζέιμς Φράνσις Ράιαν έχουν πεθάνει στη μάχη;', 3, 1),
	/*74*/('Ποιο συγκεκριμένο πλάσμα ο Ιντιάνα Τζόουνς μισεί;', 3, 1),
	/*75*/('Ποιος χαρακτήρας δολοφονούσε τους ανθρώπους στα όνειρα τους;', 3, 1),
	/*76*/('Ποια ελληνική σειρά έχει γραφτεί στο βιβλίο των Ρεκόρ Γκίνες; ', 3, 1),
	/*77*/('Ποιος ήταν ο πιο «γυναικάς» στην σειρά Κωνσταντίνου και Ελένης;', 3, 1),
	/*78*/('Σε ποια ταινία δεν πρωταγωνιστεί ο Liam Neeson;', 3, 1),
	/*79*/('Σε ποια ταινία δεν πρωταγωνιστεί ο Sylvester Stallone;', 3, 1),
	/*80*/('Πόσοι είναι οι πρωταγωνιστές στη σειρά \"FRIENDS\";', 3, 1),
	/*81*/('Πόσα ζευγάρια απαθανατίζει η σειρά \"Μην αρχίζεις την μουρμούρα\";', 3, 1),
	/*82*/('Πόσους κύκλους έβγαλε η σειρά \"HOUSE M.D.\";', 3, 1),
	/*83*/('Ποιος πρωταγωνιστεί στην ταινία \"Inception\";', 3, 1),
	/*84*/('Ποιος ήταν ο άντρας της Αλίκης Βουγιουκλάκη;', 3, 1),
	
	-- Medium
	/*85*/('Ποια είναι η πρώτη ταινία που βγήκε από τις ταινίες James Bond;', 3, 2),
	/*86*/('Ένα μέρος της προπόνησης του Ρόκι είναι να γρονθοκοπεί τις πλευρές κατεψυγμένου κρέατος ποιανού ζώου;', 3, 2),
	/*87*/('Με ποιο πουλί σχετίζεται το διαστημικό πλοίο \"Millenium\" του Χαν Σόλο;', 3, 2),
	/*88*/('Ποια ταινία δεν έκανε το ντεμπούτο της το 1997;', 3, 2),
	/*89*/('\"Alrighty then\"', 3, 2),
	/*90*/('Ποιός-οί ήταν σκληρός-οί και σαδιστικός-οί από τους Dr. Jekyll και Mr. Hyde;', 3, 2),
	/*91*/('Ποια ήταν η πρώτη σκέψη του Χάρη Ρώμα για τον ρόλο της «Ελένης Βλαχάκη» στο «Κωνσταντίνου και Ελένης», πριν τελικά τον αναλάβει η Ελένη Ράντου; ', 3, 2),
	/*92*/('Για ποια σειρά ο Χριστόφορος Παπακαλιάτης τιμωρήθηκε με τσουχτερό πρόστιμο από το ΕΣΡ;', 3, 2),
	/*93*/('Στην σειρά \"FRIENDS\", πόσο γρήγορα είπε ο Joey ότι μπορεί να πιεί ένα γαλόνι γάλα;', 3, 2),
	/*94*/('Ποιο ήταν το παρατσούκλι του Walter White στην σειρά Breaking Bad;', 3, 2),
	/*95*/('Στην σειρά \"Game of Thrones\", πως λεγόταν ο αδερφός του \"The Hound\";', 3, 2),
	/*96*/('Από πόσα επεισόδια απαρτίζεται η anime σειρά \"Death Note\";', 3, 2),
	
	-- Hard
	/*97*/('Τι είδος φασόλι αρέσει στον Hannibal Lector να τρώει με ένα ωραίο chianti;', 3, 3),
	/*98*/('Είμαι ένας από τους 7 νάνους στην ταινία Χιονάτη του 1937, αλλά δεν μιλάω καθόλου κατά τη διάρκεια ολόκληρης της ταινίας. Ποιος είμαι;', 3, 3),
	/*99*/('Στην ταινία \"101 Σκυλιά της Δαλματίας\", ποιο σχήμα είναι κρυμμένο σχεδόν σε όλους τους Δαλματίες (εκτός από τις κηλίδες);', 3, 3),
	/*100*/('Ο Hugh Laurie, γνωστός και ως Dr. House, έπαιξε τον πατέρα σε ποια διάσημη παιδική ταινία;', 3, 3),
	/*101*/('Ποια δεν είναι ταινία της Pixar;', 3, 3),
	/*102*/('Στην ταινία \"Ο μάγος του Οζ\", τι χρώμα είναι τα παπούτσια της Dorothy;', 3, 3),
	/*103*/('Ποια ταινία βασίζεται στα Marvel Comics;', 3, 3),
	/*104*/('Πού έμεναν οι τηλεοπτικοί «Απαράδεκτοι»;', 3, 3),
	/*105*/('Ποια σειρά της ιδιωτικής τηλεόρασης κατέχει το ρεκόρ της μεγαλύτερης τηλεθέασης;', 3, 3),
	/*106*/('Στην σειρά \"Game of Thrones\", ποιος βασιλιάς είχε το παρατσούκλι \"The Mad King\";', 3, 3),
	/*107*/('Τι χρώμα ήταν η γνωστή βαλίτσα του θείου της Ελένης στο επεισόδιο του «Κωνσταντίνος και Ελένη»;', 3, 3),
	/*108*/('Πόσα παιδιά είχε ο πρωταγωνιστής (Cooper) στη ταινία \"Interstellar\";', 3, 3),

	-- ---------------------------------------------------------------- Sports ------------------------------------------------------------
	-- Easy
	/*109*/('Πόσα Champions League έχει κατακτήσει ο Gianluigi Buffon;', 4, 1),
	/*110*/('Ποια χρόνια πήρε η Εθνική Ελλάδος (ποδόσφαιρο ανδρών) το Euro;', 4, 1),
	/*111*/('Πόσα χρυσά μετάλλια έχει η Εθνική Ελλάδος (μπάσκετ ανδρών) στην MundoBasket;', 4, 1),
	/*112*/('Ποια χρονιά σταμάτησε από την Εθνική Ελλάδος (ποδόσφαιρο ανδρών) ο Καραγκούνης;', 4, 1),
	/*113*/('Που έγιναν οι Ολυμπιακοί Αγώνες του 2008;', 4, 1),
	/*114*/('Πόσα πρωταθλήματα NBA έχει ο Michael Jordan;', 4, 1),
	/*115*/('Ποιος βγήκε πολυτιμότερος παίχτης στη κανονική διάρκεια του NBA το 2014-2015;', 4, 1),
	/*116*/('Στο MundoBasket ανδρών, ποια χρονιά νίκησε η Ελλάδα τις Η.Π.Α.;', 4, 1),
	/*117*/('Τι θέση έπαιζε ο γνωστός ποδοσφαιριστής David Beckham;', 4, 1),
	/*118*/('Ποιο είναι το δημοφιλέστερο ομαδικό άθλημα παγκοσμίως;', 4, 1),
	/*119*/('Ποιος ήταν ο προπονητής του Παναθηναϊκού όταν πήρε το Euroleague το 2011;', 4, 1),
	/*120*/('Σε ποια ομάδα δεν έπαιξε ο Ριβάλντο;', 4, 1),
	
	-- Medium
	/*121*/('Πόσα άτομα επιτρέπονται να παίξουν σε κάθε ομάδα στη χειροσφαίριση (handball);', 4, 2),
	/*122*/('Τι θέση έπαιζε ο γνωστός ποδοσφαιριστής Maldini;', 4, 2),
	/*123*/('Πως λέγεται στα Ελληνικά το άθλημα tennis;', 4, 2),
	/*124*/('Ποια είναι η επόμενη ζώνη μετά τη μπλε ζώνη στο καράτε;', 4, 2),
	/*125*/('Ποιο άθλημα δεν είναι στους Ολυμπιακούς αγώνες από τα παρακάτω;', 4, 2),
	/*126*/('Πόσες φορές έχει κατακτήσει το Champions League η Ρεάλ Μαδρίτης;', 4, 2),
	/*127*/('Σε ποιο Ολυμπιακό άθλημα συμμετείχε ο Σπύρος Λούης;', 4, 2),
	/*128*/('Πόσο είναι το Ολυμπιακό ρεκόρ που έκανε στα 100 μέτρα ο Usain Bolt;', 4, 2),
	/*129*/('Πόσο κόστησε η μεταγραφή του Cristiano ronaldo από την Μάντσεστερ Γιουνάιτεντ στην Ρεάλ Μαδρίτης;', 4, 2),
	/*130*/('Πόσα χρυσά μετάλλια κέρδισε ο Michael Phelps στους Ολυμπιακούς αγώνες του 2008;', 4, 2),
	/*131*/('Ποιες είναι οι διαστάσεις των Ευρωπαϊκών γηπέδων στην καλαθοσφαίριση;', 4, 2),
	/*132*/('Ποιο είναι το παλαιότερο άθλημα που χρησιμοποιεί μπάλα;', 4, 2),
		
	-- Hard
	/*133*/('Πόσα MVP βραβεία κανονικής διάρκειας έχει ο Steve Nash στο NBA;', 4, 3),
	/*134*/('Ποιο ήταν το τελικό αποτέλεσμα μεταξύ των Κλίβελαντ Καβαλίερς και Σαν Αντόνιο Σπερς στους τελικούς του NBA το 2007;', 4, 3),
	/*135*/('Ποιος από τους παρακάτω ήταν Χρυσός Ολυμπιονίκης στους κρίκους;', 4, 3),
	/*136*/('Ποιο είναι το παγκόσμιο ρεκόρ στο άλμα εις μήκος;', 4, 3),
	/*137*/('Ποια χώρα διαθέτει το παγκόσμιο ρεκόρ στα 4x400 μέτρα αντρών;', 4, 3),
	/*138*/('Πόσες κινήσης άρσης υπάρχουν στην άρση βαρών;', 4, 3),
	/*139*/('Ποια χώρα διαθέτει το παφκόσμιο ρεκόρ στη δισκοβολία αντρών;', 4, 3),
	/*140*/('Ποιος από τους παρακάτω ήταν χρυσός Ολυμπιονίκης στο μονόζυγο;', 4, 3),
	/*141*/('Πόσο έληξε ο τελικός του Champions League του 1994 μεταξύ Μίλαν και Μπαρτσελόνα;', 4, 3),
	/*142*/('Πόσο είναι το μήκος του Tour de France με ποδήλατο (2015 έδοση);', 4, 3),
	/*143*/('Πόσο είχε έρθει ο τελικός του Mundobasket ανδρών το 2006 μεταξύ ελλάδας και Ισπανίας;', 4, 3),
	/*144*/('Ποιο άθλημα παίζεται στο Super Bowl;', 4, 3)
	;  
	
/*-- Greeklish
INSERT INTO `questions` VALUES
	(1,'how are u?',1,2),
	(2,'ti einai to webservice?',1,2),
	(3,'\"triplh xeirapsia\", protokolo',1,2),
	(4,'poia den einai marka epeksergasth?',1,2),
	(5,'poia einai antikeimenostrafh glwssa programmatismou?',1,2),
	(6,'poio apo ta parakatw den einai anoixto leitourgiko systhma?',1,2),
	(7,'poio apo ta parakatw software uposthrizei anaparastash kai eksomoiwsh diadikasiwn?',1,2),
	(8,'poia einai h pio epituhmenh marka periferiakwn gia gaming?',1,2),
	(9,'poio apo ta parakatw den einai antivirus?',1,2),
	(10,'poios apo tous parakatw den einai kryptografikos algorithmos?',1,2),
	(11,'me poia synarthsh emfanizoyme sthn othonh me thn glwssa C?',1,3),
	(12,'poio apo ta parakatw den einai fylometrhths?',1,2);
*/


DROP TABLE IF EXISTS `question_choices`;
CREATE TABLE IF NOT EXISTS `question_choices` (
	`choice_id` INT(6) NOT NULL AUTO_INCREMENT,
    `choice` TEXT CHARACTER SET utf8 NOT NULL,
    `correct` TINYINT(1) DEFAULT 0,
    `question_id` INT(5) NOT NULL,
    FOREIGN KEY (`question_id`) REFERENCES `questions`(`question_id`),
    PRIMARY KEY (`choice_id`)
);
INSERT INTO `question_choices` (choice, correct, question_id) VALUES
	-- ---------------------------------------------------------------- Computer Science ----------------------------------------------------------------
	-- Medium
	('Τίποτα από τα προτεινόμενα',0,1), ('Πρόγραμμα που κάνει την εγκατάσταση web προγραμμάτων', 0, 1), ('Τεχνολογία που επιτρέπει στις εφαρμογές να επικοινωνούν μεταξύ τους.', 1, 1), ('Αλγόριθμος ταξινόμησης.', 0, 1),
	('Lenovo', 0, 2), ('Fujitsu', 0, 2), ('Πλαίσιο', 0, 2), ('Intel', 1, 2),
	('HTTP', 0, 3), ('FTP', 0, 3), ('UDP', 0, 3), ('TCP', 1, 3),
	('Intel', 0, 4), ('8051', 0, 4), ('Nvidia', 1, 4), ('MiniMIPS', 0, 4),
	('C++', 1, 5), ('C', 0, 5), ('Pascal', 0, 5), ('Assembly', 0, 5),
	('Linux', 0, 6), ('Windows',0,6), ('VMWare', 1, 6), ('Macintosh', 0, 6),
	('ADONIS', 1, 7),('Notepad', 0, 7), ('Notepad++', 0, 7), ('Atom', 0, 7),
	('Οπτικού δίσκου', 0, 8), ('Μαγνητο-ομπτικού δίσκου', 0, 8), ('Μαγνητικού δίσκου', 1, 8), ('Τίποτα από τα προτεινόμενα', 0, 8),
	('Nessus', 1, 9), ('Avira', 0, 9), ('Norton', 0, 9), ('Avast', 0, 9),
	('Bubble Sort', 1, 10), ('Caesar',0,10), ('Substitution', 0, 10), ('Vigenere', 0, 10),
	('cout', 0, 11), ('emfanise', 0, 11), ('printf', 1, 11), ('li $v0,11', 0, 11),
	('Iceweasel', 0, 12), ('Chrome', 0, 12), ('Opera', 0, 12), ('AVG', 1, 12),

	-- Hard
	('ROM BIOS', 1, 13), ('CPU', 0, 13), ('boot.ini', 0, 13), ('CONFIG.SYS', 0, 13),
	('clusters', 0, 14), ('sectors', 1, 14), ('vectors', 0, 14), ('heads', 0, 14),
	('SPARC', 0, 15), ('IBM-compatible', 0, 15), ('Alpha', 0, 15), ('Macintosh', 1, 15),
	('Σχεδίαση βάσης δεδομένων', 0, 16), ('Σχεδίαση συστήματος', 0, 16), ('Προκαταρκτική έρευνα και ανάλυση', 1, 16), ('Γραφική διεπαφή χρήσης', 0, 16),
	('bandwidth', 1, 17), ('response time', 0, 17), ('interlacing', 0, 17), ('scanning', 0, 17),
	('the page is not in the memory', 1, 18), ('the page is in the memory', 0, 18), ('the process enteres the blocked state', 0, 18), ('the process is in the ready state', 0, 18),
	('2 * N - 1', 0, 19), ('2', 0, 19), ('N / 2', 0, 19), ('N', 1, 19),
	('1000', 0, 20), ('995', 1, 20), ('2000', 0, 20), ('1995', 0, 20),
	('256', 0, 21), ('512', 1, 21), ('1024', 0, 21), ('2048', 0, 21),
	('Only 1, 2 and 3', 0, 22), ('Only 1, 2 and 4', 0, 22), ('All', 1, 22), ('Only 1, 3 and 4', 0, 22),
	('θ(n)', 0, 23), ('θ(m)', 0, 23), ('θ(m + n)', 1, 23), ('θ(m * n)', 0, 23),
	('πράσινο,μαύρο', 1, 24), ('Κόκκινο,άσπρο', 0, 24), ('πράσινο,άσπρο', 0, 24), ('κίτρινο,μπλε', 1, 24),

	-- Easy
	('rm', 1, 25), ('dm', 0, 25), ('delete', 0, 25), ('erase', 0, 25),
	('ALU', 0, 26), ('Μνήμη', 0, 26), ('CPU', 1, 26), ('Μονάδα ελέγχου', 0, 26),
	('Σειριακές πόρτες', 1, 27), ('Παράλληλες πόρτες', 0, 27), ('Δίκτυα', 0, 27), ('Ψηφιακές συχνότητες', 0, 27),
	('πρόγραμμα σε υψηλό επίπεδο γλώσσα που φυλάσσεται στο δίσκο', 0, 28), ('περιεχόμενα της κύριας μνήμης', 0, 28), ('ένα πρόγραμμα σε εκτέλεση', 1, 28), ('μια εργασία σε δευτερεύων μνήμη', 0, 28),
	('Το τεστ του Turing', 1, 29), ('LISP', 0, 29), ('The Logic Theorist', 0, 29), ('Cybernetics', 0, 29),
	('Δίκτυο', 0, 30), ('Αλυσίδα', 0, 30), ('Σχεσιακή', 0, 30), ('Δέντρο', 1, 30),
	('Διερμηνευτής', 0, 31), ('Μεταγλωττιστής', 0, 31), ('Συμβολομεταφραστής', 1, 31), ('Συγκριτής', 0, 31),
	('4 bits', 0, 32), ('8 bits', 1, 32), ('12 bits', 0, 32), ('32 bits', 0, 32),
	('Διεργασίες', 0, 33), ('Μνήμη', 0, 33), ('Δίσκους και συσκευές Ι/Ο', 0, 33), ('Όλα από τα προτεινόμενα', 1, 33),
	('Programmer', 0, 34), ('Analyst', 0, 34), ('Spammer', 0, 34), ('Hacker', 1, 34),
	('portable data file', 0, 35), ('portable document file', 0, 35), ('portable document format', 1, 35), ('portable data format', 0, 35),
	('10', 1, 36), ('9', 0, 36), ('Σκουπίδια', 0, 36), ('1', 0, 36),


	-- ---------------------------------------------------------------- History ----------------------------------------------------------------
	-- Easy
	('Ελλάδα', 1, 37), ('Τουρκία', 0, 37), ('Η.Π.Α.', 0, 37), ('Αγγλία', 0, 37),
	('Φασισμός', 0, 38), ('Κομμουνισμός', 1, 38), ('Αναρχισμός', 0, 38), ('Κεντρισμός', 0, 38),
	('Παρίσι', 0, 39), ('Λονδίνο', 0, 39), ('Βερολίνο', 1, 39), ('Μαδρίτη', 0, 39),
	('Ιαπωνία και Η.Π.Α.', 0, 40), ('Η.Π.Α και Ε.Σ.Σ.Δ.', 1, 40), ('Βόρεια Κορέα και Νότια Κορέα', 0, 40), ('Η.Π.Α. και Κίνα', 0, 40),
	('Ισραήλ', 0, 41), ('Σαουδική Αραβία', 0, 41), ('Λίβανος', 0, 41), ('Ιράκ', 1, 41),
	('1897-1902', 0, 42), ('1912-1913', 1, 42), ('1909-1911', 0, 42), ('1911-1912', 0, 42),
	('Τζένγκις Χαν ', 1, 43), ('Κουμπλάι Χαν', 0, 43), ('Μπάτου Χαν', 0, 43), ('Ιωάννα της Λωραίνης', 0, 43),
	('Φρανθίσκο Πιθάρρο', 0, 44), ('Χουάν Πόνθε ντε Λεόν', 0, 44), ('Ντιέγο Βελάθκεθ', 0, 44), ('Ερνάν Κορτές', 1, 44),
	('Γαλλία', 0, 45), ('Το Ηνωμένο Βασίλειο', 1, 45), ('Ισπανία', 0, 45), ('Γερμανία', 0, 45),
	('Κωνσταντίνος', 1, 46), ('Μαξέντιος', 0, 46), ('Αύγουστος', 0, 46), ('Ιουλιανός', 0, 46),
	('Καμπιλλιστάν', 0, 47), ('Όρμος', 0, 47), ('Περσία', 1, 47), ('Αραβία', 0, 47),
	('Αύγουστος', 0, 48), ('Κικέρων', 0, 48), ('Κάτων', 0, 48), ('Ιούλιος Καίσαρας', 1, 48),

	-- Medium
	('Σουηδία', 0, 49), ('Ισπανία', 0, 49), ('Ρουμανία', 1, 49), ('Ισλανδία', 0, 49),
	('Ήλιος', 0, 50), ('Αφροδίτη', 0, 50), ('Άρης', 0, 50), ('Σελήνη', 1, 50),
	('Ινδία', 0, 51), ('Ρωσία', 0, 51), ('Ιαπωνία', 0, 51), ('Κίνα', 1, 51),
	('Το Σινικό Τείχνος', 1, 52), ('Το Μαυσωλείο της Αλικαρνασσού', 0, 52), ('Ο Φάρος της Αλεξάνδρειας', 0, 52), ('Οι Κρεμαστοί Κήποι της Βαβυλώνας', 0, 52),
	('Χριστόφορος Κολόμβος', 0, 53), ('Αμέριγκο Βεσπούτσι', 0, 53), ('Βάσκο ντα Γκάμα', 0, 53), ('Φερδινάνδος Μαγγελάνος', 1, 53),
	('Γαλλία και Πρωσία', 0, 54), ('Γαλλία και Ισπανία', 0, 54), ('Αυστρία και Πρωσία', 1, 54), ('Γαλλία και Αυστρία', 0, 54),
	('Ηρόδοτος', 1, 55), ('Ησίοδος', 0, 55), ('Θουκυδίδης', 0, 55), ('Ξενοφών', 0, 55),
	('Ρωμαίοι', 1, 56), ('Έλληνες', 0, 56), ('Ιόνιοι', 0, 56), ('Τούρκοι', 0, 56),
	('Βιετνάμ', 0, 57), ('Σιγκαπούρη', 0, 57), ('Ταϊλάνδη', 0, 57), ('Καμπότζη', 1, 57),
	('Αζτέκοι', 1, 58), ('Μάγια', 0, 58), ('Ίνκα', 0, 58), ('Κανένα από τα προτεινόμενα.', 0, 58),
	('Θωθ', 0, 59), ('Άνουβις', 0, 59), ('Ώρος', 0, 59), ('Ρα', 1, 59),
	('Αριστοτέλης-Σωκράτης-Πλάτων', 0, 60), ('Σωκράτης-Πλάτων-Αριστοτέλης', 1, 60), ('Πλάτων-Σωκράτης-Αριστοτέλης', 0, 60), ('Αριστοτέλης-Πλάτων-Σωκράτης', 0, 60),

	-- Hard
	('Ρωσία', 0, 61), ('Γερμανία', 1, 61), ('Σουηδία', 0, 61), ('Ολλανδία', 0, 61),
	('Καμία, ήταν ουδέτερη', 0, 62), ('Με την Γερμανία ενναντίον του Ηνωμένου Βασίλειου', 1, 62), ('Με το Ηνωμένο Βασίλειο εναντίον της Γερμανίας', 0, 62), ('Εναντίον της Ρωσίας, αλλά μόνη της', 0, 62),
	('Μακεδονία και Θράκη', 1, 63), ('Θράκη και Μικρά Ασία', 0, 63), ('Μικρά Ασία και Συρία', 0, 63), ('Συρία και Παλαιστίνη', 0, 63),
	('Σαραγόσα', 0, 64), ('Μούρθια', 0, 64), ('Τολέντο', 0, 64), ('Βαλένθια', 1, 64),
	('Λυσίμαχος', 1, 65), ('Αντίγονος', 0, 65), ('Σέλευκος', 0, 65), ('Πτολεμαίος', 0, 65),
	('Νιγηρία', 0, 66), ('Σενεγκάλ', 0, 66), ('Γκάνα', 1, 66), ('Ακτή Ελεφαντοστού', 0, 66),
	('Θήβa', 0, 67), ('Σπάρτη', 0, 67), ('Αθήνα', 1, 67), ('Ρόδος', 0, 67),
	('Οι Κέλτες', 0, 68), ('Οι Φοίνικες', 1, 68), ('Οι Ρωμαίοι', 0, 68), ('Οι Έλληνες', 0, 68),
	('2000 Π.Χ. - 1500 Π.Χ.', 1, 69), ('1500 Π.Χ. - 1100 - Π.Χ.', 0, 69), ('2600 Π.Χ. - 2000 Π.Χ.', 0, 69), ('4000 Π.Χ. - 3000 Π.Χ.', 0, 69),
	('να υπηρετήσω', 1, 70), ('να οδηγήσω', 0, 70), ('να θυσιάσω', 0, 70), ('να πολεμήσω', 0, 70),
	('Λιβύη', 1, 71), ('Αιθιοπία', 0, 71), ('Νότια Αφρική', 0, 71), ('Λιβερία', 0, 71),
	('1457', 0, 72), ('1437', 0, 72), ('1453', 1, 72), ('1440', 0, 72), 
	
	-- -------------------------------------------------------------- Series-Movies -------------------------------------------------------
	-- Easy
	('1', 0, 73), ('2', 0, 73), ('3', 1, 73), ('4', 0, 73),
	('Σκορπιοί', 0, 74), ('Αράχνες', 0, 74), ('Φίδια', 1, 74), ('Κατσαρίδες', 0, 74),
	('Michael Myers', 0, 75), ('Jason Vorheis', 0, 75), ('Freddy Krueger', 1, 75), ('Predator', 0, 75),
	('Οι Τρεις Χάριτες', 0, 76), ('Η Αίθουσα του Θρόνου', 0, 76), ('Καλημέρα Ζωή', 0, 76), ('Η Λάμψη', 1, 76),
	('Ο Κωνσταντίνος', 0, 77), ('Ο Νικόλας', 0, 77), ('Ο Ηλίας', 0, 77), ('Ο Μάνθος', 1, 77),
	('Suspect', 0, 78), ('Non-Stop', 0, 78), ('Taken', 0, 78), ('The Expendables', 1, 78),
	('The Expendables', 0, 79), ('The Grey', 1, 79), ('Bullet to the head', 0, 79), ('Staying Alive', 0, 79),
	('3', 0, 80), ('6', 1, 80), ('5', 0, 80), ('4', 0, 80),
	('7', 0, 81), ('8', 1, 81), ('9', 0, 81), ('6', 0, 81),
	('8', 1, 82), ('7', 0, 82), ('6', 0, 82), ('9', 0, 82),
	('Leonardo DiCaprio', 1, 83), ('Johnny Depp', 0, 83), ('Brad Pitt', 0, 83), ('George Clooney', 0, 83),
	('Παπαμιχαήλ', 1, 84), ('Κωνσταντάρας', 0, 84), ('Ηλιόπουλος', 0, 84), ('Δεν παντρέυτηκε.', 0, 84),
		
	-- Medium
	('Goldfinger', 0, 85), ('From Russia with Love', 0, 85), ('Dr. No', 1, 85), ('Goldfinger', 0, 85),
	('Άλογο', 0, 86), ('Βισώνας', 0, 86), ('Αγελάδα', 1, 86), ('Γουρούνι', 0, 86),
	('Hawk', 0, 87), ('Eagle', 0, 87), ('Falcon', 1, 87), ('Sparrow', 0, 87),
	('Liar Liar', 0, 88), ('Toy Story 2', 1, 88), ('Men in Black', 0, 88), ('Titanic', 0, 88),
	('Bruce Almighty', 0, 89), ('Ace Ventura: Pet Detective', 1, 89), ('The Mask', 0, 89), ('Man of the Moon', 0, 89),
	('Κανένας', 0, 90), ('Mr. Hyde', 1, 90), ('Dr. Jekyll', 0, 90), ('Και οι δύο.', 0, 90),
	('Η Τζόυς Ευείδη ', 0, 91), ('Η Εβελίνα Παπούλια ', 0, 91), ('Η Κάτια Δανδουλάκη', 0, 91), ('Η Δήμητρα Παπαδοπούλου', 1, 91),
	('Για το Δυο μέρες μόνο', 0, 92), ('Για το Ντόλτσε βίτα', 0, 92), ('Για το ένας Άλλος Κόσμος', 0, 92), ('Για το Κλείσε τα μάτια ', 1, 92),
	('5 δευτερόλεπτα', 0, 93), ('12 δευτερόλεπτα', 0, 93), ('Μισό λεπτό', 0, 93), ('10 δευτερόλεπτα', 1, 93),
	('Heisenberg', 1, 94), ('Tuco', 0, 94), ('Los Pollos Hermanos', 0, 94), ('Meth Cooker', 0, 94),
	('The Mountain', 1, 95), ('The Reaper', 0, 95), ('The Bodyguard', 0, 95), ('The Rock', 0, 95),
	('37', 1, 96), ('38', 0, 96), ('39', 0, 96), ('40', 0, 96),
	
	-- Hard
	('Φασολάδα (Navy)', 0, 97), ('Φάβα (Fava)', 1, 97), ('Γίγαντας (Lima)', 0, 97), ('Φασόλι (Kidney)', 0, 97),
	('Sleepy', 0, 98), ('Dopey', 1, 98), ('Grumpy', 0, 98), ('Doc', 0, 98),
	('Ο Walt Disney', 0, 99), ('Το κεφάλι του Mickey Mouse', 1, 99), ('Το κεφάλι του Pluto', 0, 99), ('το κεφάλι του Donald Duck', 0, 99),
	('Stuart Little', 1, 100), ('101 Dalmatians', 0, 100), ('School of Rock', 0, 100), ('Lion King', 0, 100),
	('Shrek', 1, 101), ('Brave', 0, 101), ('The Incredibles', 0, 101), ('Ratatouille', 0, 101),
	('Ρουμπίνι', 1, 102), ('Ζαφείρι', 0, 102), ('Σμαράγδι', 0, 102), ('Ασήμι', 0, 102),
	('Hellboy', 0, 103), ('Spawn', 0, 103), ('Blade', 1, 103), ('The League of Extraordinary Gentlemen', 0, 103),
	('Οδός Ακάμαντος 33, στο Θησείο', 0, 104), ('Οδός Σπύρου Λούη 45, στο Μαρούσι', 0, 104), ('Οδός Αδάμαντος 4, στον Λυκαβηττό', 1, 104), ('Οδός Σπύρου Λούη 43, στο Μαρούσι', 0, 104),
	('Οι «Δυο Ξένοι» ', 0, 105), ('Οι «Τρεις Χάριτες»', 0, 105), ('Οι «Ψίθυροι Καρδιάς»', 1, 105), ('Το «Παρά Πέντε»', 0, 105),
	('Aerys II', 1, 106), ('Jaeherys II', 0, 106), ('Aerys I', 0, 106), ('Jaeherys II', 0, 106), 
	('Κόκκινη', 1, 107), ('Μαύρη', 0, 107), ('Μπλε', 0, 107), ('Πολύχρωμη', 0, 107),
	('1', 0, 108), ('2', 1, 108), ('3', 0, 108), ('4', 0, 108),
	
	-- ---------------------------------------------------------------- Sports ------------------------------------------------------------
	-- Easy
	('0', 1, 109), ('1', 0, 109), ('2', 0, 109), ('5', 0, 109),
	('2004', 1, 110), ('2005', 0, 110), ('2003', 0, 110), ('2008', 0, 110),
	('0', 1, 111), ('1', 0, 111), ('2', 0, 111), ('4', 0, 111),
	('2015', 0, 112), ('2014', 1, 112), ('2010', 0, 112), ('2013', 0, 112),
	('Αθήνα', 0, 113), ('Πεκίνο', 1, 113), ('Λονδίνο', 0, 113), ('Βερολίνο', 0, 113),
	('7', 0, 114), ('6', 1, 114), ('5', 0, 114), ('3', 0, 114),
	('James Harden', 0, 115), ('LeBron James', 0, 115), ('Stephen Curry', 1, 115), ('Anthony Davis', 0, 115),
	('2004', 0, 116), ('2002', 0, 116), ('2006', 1, 116), ('2010', 0, 116),
	('Τερματοφύλακας', 0, 117), ('Άμυνα', 0, 117), ('Μέση', 1, 117), ('Επίθεση', 0, 117),
	('Καλαθοσφαίριση', 0, 118), ('Πετοσφαίριση', 0, 118), ('Χειροσφαίριση', 0, 118), ('Ποδόσφαιρο', 1, 118),
	('Αργύρης Πεδουλάκης', 0, 119), ('Γιώργος Μπαρτζώκας', 0, 119), ('Παναγιώτης Γιαννάκης', 0, 119), ('Ζέλιμιρ Ομπράντοβιτς', 1, 119),
	('Ολυμπιακός', 0, 120), ('Α.Ε.Κ.', 0, 120), ('Μπαρτσελόνα', 0, 120), ('Άγιαξ', 1, 120),
	
	-- Medium
	('7', 1, 121), ('8', 0, 121), ('9', 0, 121), ('10', 0, 121),
	('Άμυνα', 1, 122), ('Επίθεση', 0, 122), ('Μέση', 0, 122), ('Τερματοφύλακας', 0, 122),
	('Αντισφαίριση', 1, 123), ('Πετοσφαίριση', 0, 123), ('Ρακετοσφαίριση', 0, 123), ('Μήλα', 0, 123),
	('Κίτρινη', 0, 124), ('Μοβ', 1, 124), ('Καφέ', 0, 124), ('Μαύρη', 0, 124),
	('Τοξοβολία', 0, 125), ('Κρίκετ', 1, 125), ('Σόφτμπολ', 0, 125), ('Ποδηλασία BMX', 0, 125),
	('9', 0, 126), ('10', 1, 126), ('11', 0, 126), ('7', 0, 126),
	('100 μέτρα με εμπόδια', 0, 127), ('Άλμα εις μήκος', 0, 127), ('Μαραθώνιο', 1, 127), ('Τοξοβολία', 0, 127),
	('9.56', 0, 128), ('9.57', 0, 128), ('9.58', 1, 128), ('9.59', 0, 128),
	('', 0, 129), ('', 0, 129), ('', 1, 129), ('', 0, 129),
	('', 0, 130), ('', 0, 130), ('', 0, 130), ('', 1, 130),
	('', 0, 131), ('', 0, 131), ('', 0, 131), ('', 1, 131),
	('Ποδόσφαιρο', 0, 132), ('Καλαθοσφαίριση', 0, 132), ('Επιτραπέζιο τένις', 0, 132), ('Υδατοσφαίριση', 1, 132),
	
	-- Hard
	('2', 1, 133), ('0', 0, 133), ('3', 0, 133), ('1', 0, 133),
	('4-0', 1, 134), ('4-1', 0, 134), ('4-2', 0, 134), ('4-3', 0, 134),
	('Ταμπάκος', 1, 135), ('Μάρας', 0, 135), ('Κοσμίδης', 0, 135), ('Μελισσανίδης', 0, 135),
	('8.90', 0, 136), ('8.95', 1, 136), ('9.00', 0, 136), ('9.05', 0, 136),
	('Τζαμάικα', 0, 137), ('Η.Π.Α.', 1, 137), ('Γαλλία', 0, 137), ('Μαρόκο', 0, 137),
	('2', 0, 138), ('3', 1, 138), ('4', 0, 138), ('5', 0, 138),
	('Αγγλία', 0, 139), ('Κούβα', 0, 139), ('Γερμανία', 1, 139), ('Πολωνία', 0, 139),
	('Μελισσανίδης', 0, 140), ('Ταμπάκος', 0, 140), ('Μάρας', 1, 140), ('Κοσμίδης', 0, 140),
	('1-0', 0, 141), ('2-1', 0, 141), ('4-0', 1, 141), ('3-1', 0, 141),
	('1600 μίλια', 0, 142), ('1800 μίλια', 0, 142), ('2000 μίλια', 0, 142), ('2200 μίλια', 1, 142),
	('55-72', 0, 143), ('80-82', 0, 143), ('61-57', 0, 143), ('47-70', 1, 143),
	('Μπέιζμπολ', 0, 144), ('Ράγκμπι', 0, 144), ('Καλαθοσφαίριση', 0, 144), ('Αμερικάνικο ποδόσφαιρο', 1, 144)
	;
	-- ('', , ), ('', , ), ('', , ), ('', , ),

/* -- Greeklish
INSERT INTO `question_choices` VALUES
	(1,'lenovo',0,1),(2,'fujitsu',0,1),(3,'plaisio',0,1),(4,'HTC',1,1),
	(5,'den kserw',0,2),(6,'ase me',0,2),(7,'metafora dedomenwn mesw tou web',1,2),(8,'algorithmos taksinomishs',0,2),
	(9,'HTTP',0,3),(10,'FTP',0,3),(11,'UDP',0,3),(12,'TCP',1,3),
	(13,'Intel',0,4),(14,'8051',0,4),(15,'Nvidia',1,4),(16,'MiniMIPS',0,4),
	(17,'C++',1,5),(18,'C',0,5),(19,'Pascal',0,5),(20,'Assembly',0,5),
	(21,'Linux',0,6),(22,'Windows',0,6),(23,'VMWare',1,6),(24,'Macintosh',0,6),
	(25,'ADONIS',1,7),(26,'Notepad',0,7),(27,'Notepad++',0,7),(28,'Atom',0,7),
	(29,'Razer',1,8),(30,'Microsoft',0,8),(31,'Cooler Master',0,8),(32,'Natec',0,8),
	(33,'Nessus',1,9),(34,'Avira',0,9),(35,'Norton',0,9),(36,'Avast',0,9),
	(37,'Buble Sort',1,10),(38,'Caesar',0,10),(39,'Substitution',0,10),(40,'Vigenere',0,10),
	(41,'cout',0,11),(42,'emfanise',0,11),(43,'printf',1,11),(44,'li $v0,11',0,11),
	(45,'Iceweasel',0,12),(46,'Chrome',0,12),(47,'Opera',0,12),(48,'AVG',1,12);
*/


DROP TABLE IF EXISTS `stats`;
CREATE TABLE IF NOT EXISTS `stats` (
	`stats_id` INT(5) NOT NULL AUTO_INCREMENT,
    `user_id` INT(5) NOT NULL,
    `score` INT(2) NOT NULL,
	`subject_id` int(3) NOT NULL,
    `difficulty_id` INT(1) NOT NULL,
	PRIMARY KEY (`stats_id`),
	FOREIGN KEY (`user_id`) REFERENCES `users`(`user_id`),
	FOREIGN KEY (`subject_id`) REFERENCES `subjects`(`subject_id`),
	FOREIGN KEY (`difficulty_id`) REFERENCES `difficulties`(`difficulty_id`)
);
INSERT INTO `stats` VALUES
	(1,1,9,1,1),
	(2,2,-1,2,1),
	(3,3,-1,2,1),
	(4,4,-1,1,1),
	(5,5,-1,1,1),
	(6,6,-1,2,1),
	(7,7,-1,1,1);

/*
DROP TABLE IF EXISTS `stats`;
CREATE TABLE IF NOT EXISTS `stats` (
	`stats_id` INT(5) NOT NULL AUTO_INCREMENT,
    `user_id` VARCHAR(20) NOT NULL,
    `score` INT(2) NOT NULL,
	`subject_id` int(3) NOT NULL,
    `difficulty_id` INT(1) NOT NULL,
	PRIMARY KEY (`stats_id`),
	FOREIGN KEY (`subject_id`) REFERENCES `subjects`(`subject_id`),
	FOREIGN KEY (`difficulty_id`) REFERENCES `difficulties`(`difficulty_id`)
);
INSERT INTO `stats` VALUES
	(1,'1',9,1,1),
	(2,'2',-1,2,1),
	(3,'3',-1,2,1),
	(4,'4',-1,1,1),
	(5,'5',-1,1,1),
	(6,'6',-1,2,1),
	(7,'7',-1,1,1);
*/